id,injection_ratio,detuning_frequency,emitted_light_beam_intensity,angle_with_main_beam,amplitude,affecting_parameter
369,-45.00328,0.02039,578.16,11.6,215.28,Temperature
56,-44.91711,-0.16249,578.95,12.66,215.73,Temperature
363,-44.88838,0.47361,578.45,11.7,214.93,Temperature
63,-44.85487,0.16749,576.82,12.53,215.59,Temperature
489,-44.79742,0.29074,578.45,12.81,215.63,Temperature
996,-44.79742,0.27881,579.27,11.54,215.83,Temperature
58,-44.76869,-0.34537,578.21,12.61,215.31,Temperature
997,-44.76869,0.14364,578.51,11.52,215.64,Temperature
368,-44.649,-0.18634,577.94,11.62,215.39,Temperature
367,-44.62028,-0.00346,578.14,11.63,215.31,Temperature
474,-44.62028,-0.48054,579.27,14.83,215.59,Temperature
612,-44.59155,0.41199,579.61,2.95,215.56,Temperature
888,-44.59155,0.03232,578.87,2.03,215.83,Temperature
925,-44.5341,-0.11279,578.83,17.67,215.37,Temperature
964,-44.5341,-0.35729,578.59,8.7,215.37,Temperature
315,-44.44314,0.33844,578.45,7.89,215.48,Temperature
444,-44.44314,-0.34537,578.45,12.86,215.37,Temperature
1000,-44.44314,0.05816,577.61,11.47,215.63,Temperature
472,-44.41441,-0.57794,577.24,14.95,215.59,Temperature
488,-44.41441,0.25297,577.98,12.82,215.83,Temperature
728,-44.41441,-0.40699,579.61,11.37,215.48,Temperature
151,-44.38569,-0.48054,578.84,10.51,214.82,Temperature
681,-44.38569,0.37621,577.61,9.03,215.37,Temperature
55,-44.35696,0.13171,578.83,12.65,214.89,Temperature
57,-44.35696,-0.16249,579.04,12.63,215.29,Temperature
706,-44.35696,-0.00346,579.27,10.39,215.28,Temperature
52,-44.32824,0.43783,578.31,12.71,215.49,Temperature
475,-44.29473,0.63264,578.51,14.56,215.83,Temperature
680,-44.29473,-0.27182,576.38,9.1,215.63,Temperature
833,-44.29473,0.31459,578.16,10.07,215.83,Temperature
608,-44.266,-0.03924,579.04,2.26,215.28,Temperature
200,-44.17983,-0.41892,578.83,7.89,214.97,Temperature
889,-44.17983,0.21719,578.14,1.98,215.59,Temperature
521,-44.1511,0.08201,579.04,12.53,214.89,Temperature
995,-44.1511,-0.12671,578.45,11.56,215.63,Temperature
564,-44.08886,-0.18634,576.38,10.4,215.31,Temperature
525,-44.03141,-0.54216,579.61,12.46,215.59,Temperature
729,-44.03141,0.54716,578.36,11.36,214.93,Temperature
278,-44.00269,0.32652,579.37,7.27,215.31,Temperature
656,-44.00269,-0.46861,578.87,7.51,215.59,Temperature
596,-43.97396,0.62071,579.34,9.2,215.64,Temperature
655,-43.97396,0.20526,579.37,7.54,215.78,Temperature
59,-43.94524,-0.34537,578.24,12.59,215.76,Temperature
416,-43.94524,0.43783,579.27,12.48,215.74,Temperature
607,-43.883,0.04623,578.95,2.39,215.05,Temperature
515,-43.85427,-0.12671,578.24,12.63,215.31,Temperature
926,-43.82555,-0.29766,578.95,17.56,215.78,Temperature
60,-43.79682,-0.53024,577.59,12.57,215.34,Temperature
606,-43.79682,0.09394,578.83,1.67,214.97,Temperature
963,-43.7681,-0.45669,578.84,8.71,215.28,Temperature
1001,-43.7681,0.15556,578.45,11.45,215.83,Temperature
276,-43.70586,-0.39506,578.45,7.37,215.73,Temperature
473,-43.70586,-0.66342,578.45,14.89,215.83,Temperature
609,-43.70586,-0.18634,578.21,2.13,215.31,Temperature
707,-43.70586,-0.37121,578.51,10.37,215.37,Temperature
658,-43.64841,-0.53024,577.94,7.4,215.59,Temperature
657,-43.61968,-0.40699,578.14,7.43,215.83,Temperature
362,-43.59096,0.22911,577.61,11.72,215.48,Temperature
152,-43.56223,0.38814,578.59,10.49,215.48,Temperature
445,-43.52872,-0.49247,579.27,12.82,215.78,Temperature
928,-43.5,-0.34537,578.21,17.31,215.64,Temperature
998,-43.5,-0.13863,577.41,11.51,215.28,Temperature
522,-43.47127,0.02039,578.21,12.5,215.34,Temperature
516,-43.41382,-0.19827,578.31,12.61,215.39,Temperature
72,-43.38509,-0.38314,577.61,12.39,214.82,Temperature
415,-43.32286,0.49747,578.45,12.49,215.34,Temperature
361,-43.29413,0.33844,576.38,10.53,214.82,Temperature
654,-43.29413,0.15556,579.34,7.61,214.93,Temperature
890,-43.29413,0.22911,577.94,1.67,215.83,Temperature
682,-43.23668,0.33844,578.45,9,215.78,Temperature
199,-43.14572,-0.54216,578.45,8.01,214.93,Temperature
487,-43.14572,0.30266,578.31,12.86,215.37,Temperature
610,-43.11699,-0.23604,578.24,3.17,215.28,Temperature
65,-43.05954,-0.44476,578.59,12.49,215.63,Temperature
679,-43.05954,-0.37121,577.41,9.17,214.98,Temperature
316,-43.03082,0.47361,578.83,10.51,214.93,Temperature
62,-43.00209,-0.17442,578.36,12.56,215.78,Temperature
1002,-42.93985,0.15556,579.34,11.42,215.64,Temperature
53,-42.85368,0.36428,577.98,12.7,215.56,Temperature
471,-42.85368,-0.60378,578.59,15.4,215.78,Temperature
490,-42.85368,-0.45669,578.83,12.78,215.83,Temperature
491,-42.85368,-0.51632,578.95,12.79,215.64,Temperature
923,-42.85368,0.24104,577.98,12.74,214.98,Temperature
550,-42.82495,-0.05316,579.04,11.59,215.78,Temperature
741,-42.82495,0.35037,579.34,11.18,215.28,Temperature
999,-42.82495,-0.37121,576.38,11.5,215.83,Temperature
398,-42.79144,-0.38314,578.16,11.89,215.83,Temperature
635,-42.73399,0.47361,578.83,2.48,215.63,Temperature
524,-42.70526,0.15556,577.59,12.48,215.78,Temperature
929,-42.70526,-0.38314,578.24,16.59,215.28,Temperature
364,-42.67654,0.58294,579.34,11.69,214.97,Temperature
71,-42.64781,-0.54216,576.38,12.4,214.98,Temperature
418,-42.61909,0.29074,577.41,12.45,215.59,Temperature
611,-42.61909,-0.17442,577.59,3.03,215.32,Temperature
517,-42.52813,-0.24796,577.98,12.59,215.28,Temperature
605,-42.47067,-0.02732,578.45,1.98,214.93,Temperature
705,-42.47067,0.54716,578.45,10.4,215.64,Temperature
277,-42.44195,0.43783,579.34,7.33,215.29,Temperature
313,-42.44195,-0.49247,578.31,8.05,214.98,Temperature
927,-42.44195,-0.43084,579.04,17.48,215.78,Temperature
54,-42.40844,0.52331,578.45,12.69,215.31,Temperature
70,-42.40844,-0.40699,577.41,12.42,215.78,Temperature
887,-42.35099,-0.22411,579.37,2.13,215.59,Temperature
366,-42.29354,0.26489,578.87,11.64,215.28,Temperature
659,-42.29354,-0.50439,578.16,7.37,215.83,Temperature
314,-42.26481,-0.63957,577.98,8.01,214.82,Temperature
924,-42.2313,0.43783,578.45,17.52,215.63,Temperature
730,-42.20257,0.25297,576.82,11.34,215.78,Temperature
397,-42.08767,-0.41892,577.94,11.9,215.63,Temperature
61,-42.05895,-0.53024,579.61,12.53,215.74,Temperature
767,-42.05895,0.48554,576.38,11.66,215.59,Temperature
613,-42.02543,0.22911,578.36,2.69,215.31,Temperature
417,-41.99671,0.58294,578.51,12.46,215.78,Temperature
565,-41.99671,-0.24796,577.61,10.39,215.28,Temperature
153,-41.96798,0.44976,577.24,10.46,215.39,Temperature
123,-41.93926,-0.63957,578.59,11.28,215.32,Temperature
523,-41.88181,-0.02732,578.24,12.49,215.74,Temperature
275,-41.8483,-0.50439,577.61,7.4,214.89,Temperature
930,-41.8483,-0.38314,577.59,16.63,215.37,Temperature
965,-41.8483,-0.45669,577.24,8.65,215.83,Temperature
727,-41.79084,-0.37121,577.59,11.39,214.82,Temperature
476,-41.76212,0.19134,577.41,14.68,215.63,Temperature
69,-41.70467,-0.65149,578.51,12.44,215.37,Temperature
443,-41.67116,0.32652,577.24,12.84,215.28,Temperature
518,-41.67116,-0.29766,578.45,12.57,215.32,Temperature
360,-41.64243,0.53524,577.41,10.56,214.98,Temperature
64,-41.52753,-0.44476,578.84,12.5,215.83,Temperature
202,-41.52753,0.43783,579.04,7.75,215.28,Temperature
755,-41.49881,0.33844,578.24,11.92,215.63,Temperature
197,-41.43657,-0.54216,578.31,8.13,214.82,Temperature
551,-41.43657,-0.23604,578.21,11.56,215.64,Temperature
599,-41.43657,0.27881,578.14,9.03,215.78,Temperature
486,-41.40784,0.35037,578.24,12.84,215.28,Temperature
966,-41.40784,-0.51632,578.45,8.57,215.63,Temperature
601,-41.35039,0.04623,578.16,1.85,215.78,Temperature
931,-41.35039,-0.40699,579.61,16.85,215.78,Temperature
410,-41.32167,-0.65149,578.36,12.57,215.28,Temperature
155,-41.28815,0.58294,579.27,10.4,214.93,Temperature
834,-41.25943,0.29074,578.24,10.1,215.64,Temperature
411,-41.20198,-0.45669,576.82,12.53,215.32,Temperature
339,-41.17325,0.35037,577.94,11.21,215.28,Temperature
853,-41.17325,0.43783,577.41,10.9,215.63,Temperature
203,-41.11101,0.48554,578.21,7.7,215.32,Temperature
477,-41.11101,0.73004,576.38,13.79,215.83,Temperature
891,-41.11101,0.20526,578.16,1.48,215.63,Temperature
201,-40.99611,-0.54216,578.95,7.8,215.05,Temperature
604,-40.99611,-0.27182,577.98,2.03,215.48,Temperature
66,-40.96739,-0.65149,577.24,12.48,215.83,Temperature
600,-40.93866,0.16749,577.94,9,215.64,Temperature
782,-40.87643,-0.30959,579.04,12.71,215.37,Temperature
602,-40.8477,-0.15056,578.24,1.56,214.98,Temperature
636,-40.81898,0.58294,578.95,2.39,215.83,Temperature
273,-40.76152,-0.62764,577.41,7.51,215.56,Temperature
124,-40.69929,-0.77474,577.24,11.27,215.49,Temperature
365,-40.67056,0.41199,579.37,11.66,215.05,Temperature
492,-40.67056,-0.49247,579.04,12.75,215.28,Temperature
519,-40.67056,-0.34537,578.83,12.53,215.56,Temperature
683,-40.67056,0.36428,579.34,8.91,215.78,Temperature
1003,-40.67056,0.16749,578.24,11.4,214.98,Temperature
50,-40.64184,0.54716,578.16,12.74,215.28,Temperature
731,-40.58439,0.54716,578.84,11.31,215.59,Temperature
68,-40.55087,-0.54216,579.27,12.45,215.28,Temperature
338,-40.52215,0.65649,578.14,9.75,215.64,Temperature
892,-40.52215,0.31459,578.24,1.74,215.83,Temperature
637,-40.49342,0.48554,579.04,2.26,215.64,Temperature
932,-40.43597,-0.45669,578.36,16.15,215.64,Temperature
967,-40.43597,-0.53024,579.27,8.51,215.83,Temperature
311,-40.37852,-0.67535,578.16,8.21,215.37,Temperature
198,-40.31628,-0.62764,577.98,8.05,215.48,Temperature
598,-40.28756,0.37621,578.87,9.1,215.37,Temperature
274,-40.25883,-0.45669,576.38,7.43,215.31,Temperature
51,-40.20138,0.19134,578.24,12.72,215.32,Temperature
317,-40.20138,0.52331,578.95,10.49,214.97,Temperature
526,-40.20138,-0.72504,578.36,12.45,215.83,Temperature
566,-40.20138,-0.37121,578.45,10.37,215.32,Temperature
708,-40.20138,-0.54216,577.41,10.31,215.64,Temperature
1004,-40.16787,0.40007,577.59,11.39,215.63,Temperature
493,-40.11042,-0.56602,578.21,12.78,215.37,Temperature
419,-40.08169,0.36428,576.38,12.44,215.83,Temperature
756,-40.02424,0.47361,577.59,11.9,215.37,Temperature
154,-39.99073,0.49747,578.45,10.42,215.73,Temperature
118,-39.93328,0.62071,577.59,11.37,215.73,Temperature
67,-39.90456,-0.72504,578.45,12.46,215.64,Temperature
412,-39.87583,-0.63957,578.84,12.56,215.56,Temperature
73,-39.84711,-0.55409,578.45,12.37,215.48,Temperature
245,-39.81838,0.88907,576.38,2.26,215.28,Temperature
603,-39.78487,-0.24796,578.31,1.47,214.82,Temperature
552,-39.75614,-0.32151,578.24,8.43,215.28,Temperature
704,-39.69869,0.65649,577.24,10.42,215.83,Temperature
854,-39.69869,0.5094,576.38,11.63,215.83,Temperature
280,-39.64124,0.41199,578.14,7.13,215.34,Temperature
478,-39.64124,0.35037,577.61,12.93,215.64,Temperature
359,-39.60773,0.59686,578.51,10.57,215.78,Temperature
835,-39.60773,0.27881,578.31,10.02,214.98,Temperature
520,-39.579,-0.39506,578.95,12.56,215.31,Temperature
272,-39.55028,-0.7489,578.51,7.54,215.32,Temperature
633,-39.55028,-0.70119,577.98,2.69,215.37,Temperature
933,-39.52155,-0.55409,576.82,16.1,215.78,Temperature
312,-39.49283,-0.54216,578.24,8.13,215.78,Temperature
614,-39.49283,0.48554,576.82,2.47,214.89,Temperature
77,-39.43059,-0.61571,578.14,12.29,214.97,Temperature
893,-39.37314,0.40007,578.31,1.47,215.64,Temperature
684,-39.31569,0.53524,579.37,8.85,215.64,Temperature
279,-39.28696,0.60879,578.87,7.2,215.76,Temperature
382,-39.25824,0.66842,576.82,11.36,215.28,Temperature
968,-39.25824,-0.60378,578.51,8.43,215.64,Temperature
742,-39.22473,-0.68926,579.37,11.14,215.37,Temperature
104,-39.16728,0.36428,579.37,11.63,215.73,Temperature
358,-39.16728,-0.58987,579.27,10.6,215.37,Temperature
76,-39.13855,-0.79859,578.87,12.3,214.93,Temperature
494,-39.13855,-0.66342,578.24,12.73,215.78,Temperature
579,-39.10982,0.80359,579.04,7.27,215.64,Temperature
479,-39.01886,0.59686,578.45,12.9,215.28,Temperature
939,-38.96141,0.47361,578.51,15.35,215.59,Temperature
74,-38.90396,-0.46861,579.34,12.35,215.39,Temperature
1005,-38.90396,0.58294,579.61,11.37,215.37,Temperature
660,-38.87524,-0.73697,578.24,7.33,215.63,Temperature
934,-38.87524,-0.60378,578.84,15.98,214.98,Temperature
413,-38.813,-0.7489,578.59,12.53,215.31,Temperature
120,-38.75555,0.62071,578.36,11.34,214.97,Temperature
349,-38.75555,-0.90792,578.24,10.97,215.64,Temperature
150,-38.72682,-0.65149,576.82,10.53,214.98,Temperature
122,-38.66458,-0.55409,578.84,11.3,215.28,Temperature
333,-38.66458,0.74197,577.61,10,215.78,Temperature
440,-38.60713,0.65649,576.82,12.86,215.63,Temperature
194,-38.57841,-0.81052,577.94,8.3,215.37,Temperature
894,-38.57841,0.48554,577.98,8.21,215.28,Temperature
399,-38.54968,0.55909,578.24,11.84,215.64,Temperature
470,-38.54968,-0.66342,578.84,14.92,215.74,Temperature
567,-38.48745,-0.38314,579.34,10.31,215.56,Temperature
815,-38.40127,-0.60378,579.61,15.42,215.63,Temperature
783,-38.34382,-0.33344,578.21,12.7,215.64,Temperature
935,-38.34382,-0.62764,578.59,15.93,214.98,Temperature
78,-38.28158,-0.79859,577.94,12.27,215.05,Temperature
119,-38.28158,0.27881,579.61,11.36,214.93,Temperature
441,-38.28158,0.73004,578.84,12.84,215.83,Temperature
420,-38.25286,0.47361,577.61,12.42,215.63,Temperature
678,-38.25286,-0.7489,578.51,9.2,215.78,Temperature
204,-38.22413,0.62071,578.24,7.64,215.49,Temperature
615,-38.22413,-0.90792,578.84,2.48,215.34,Temperature
726,-38.22413,-0.78666,578.24,11.4,214.98,Temperature
855,-38.22413,0.58294,577.61,11.62,215.64,Temperature
969,-38.19541,-0.73697,577.41,8.3,214.98,Temperature
195,-38.13796,-0.67535,578.16,8.26,215.78,Temperature
836,-38.04699,0.48554,577.98,10,215.63,Temperature
768,-38.01827,0.77974,577.61,11.64,215.83,Temperature
239,-37.98954,-0.35729,578.59,3.03,215.78,Temperature
324,-37.96082,0.901,576.82,10.28,215.56,Temperature
205,-37.9273,0.71812,577.59,7.61,215.56,Temperature
310,-37.9273,-0.83437,577.94,8.26,215.28,Temperature
634,-37.9273,-0.7489,578.45,2.47,215.83,Temperature
103,-37.86985,0.48554,579.34,11.64,215.39,Temperature
653,-37.86985,0.59686,578.45,7.64,215.48,Temperature
240,-37.84113,-0.9934,577.24,2.95,214.98,Temperature
757,-37.84113,0.48554,579.61,11.89,215.78,Temperature
1007,-37.84113,0.54716,576.82,11.34,215.83,Input power
414,-37.78368,-0.67535,577.24,12.5,214.89,Input power
1006,-37.78368,0.66842,578.36,11.36,215.78,Input power
936,-37.75495,-0.62764,577.24,15.95,214.82,Input power
75,-37.72144,-0.58987,579.37,12.32,215.73,Input power
709,-37.72144,-0.7489,576.38,10.28,215.28,Input power
156,-37.66399,0.62071,578.51,10.39,214.97,Input power
597,-37.66399,0.76781,579.37,9.17,215.28,Input power
192,-37.63526,-0.81052,578.87,8.51,215.64,Input power
940,-37.57781,0.54716,577.41,15.28,215.83,Input power
568,-37.5443,-0.45669,579.37,10.28,215.31,Input power
703,-37.5443,0.77974,578.59,10.46,215.37,Input power
80,-37.51558,-0.84829,578.24,12.23,215.32,Input power
527,-37.45813,-0.9934,576.82,12.44,215.59,Input power
442,-37.4294,0.55909,578.59,12.85,215.64,Input power
938,-37.4294,-0.81052,579.27,15.42,215.83,Input power
117,-37.40067,0.69426,578.24,11.39,215.39,Input power
532,-37.36716,0.85329,579.27,10.84,215.28,Input power
685,-37.36716,0.58294,578.87,8.8,215.28,Input power
937,-37.33844,-0.71311,578.45,15.84,215.59,Input power
334,-37.28099,0.36428,578.45,9.95,215.59,Input power
348,-37.28099,-1.2379,578.21,11.01,215.78,Input power
309,-37.25226,-0.71311,578.14,8.3,215.64,Input power
970,-37.19481,-0.79859,576.38,10.79,215.63,Input power
125,-37.1613,-0.98147,578.45,11.26,215.56,Input power
372,-37.1613,0.76781,577.98,11.54,215.31,Input power
495,-37.1613,-0.81052,577.59,12.74,214.98,Input power
816,-37.10385,-0.77474,578.36,15.35,215.83,Input power
777,-37.07512,0.70619,578.31,12.75,215.28,Input power
393,-37.0464,0.60879,579.34,12.01,215.28,Input power
81,-37.01767,-0.62764,578.31,12.2,215.49,Input power
392,-36.95543,0.68234,578.45,12.04,215.64,Input power
196,-36.92671,-0.83437,578.24,8.21,214.98,Input power
677,-36.92671,-0.94569,579.27,9.24,215.37,Input power
942,-36.89798,0.74197,577.61,11.97,215.83,Input power
105,-36.7783,0.76781,578.87,11.62,214.93,Input power
732,-36.7783,0.79167,578.59,11.3,215.83,Input power
259,-36.74957,-0.94569,578.95,2.39,214.97,Input power
533,-36.74957,0.91491,578.51,10.83,215.37,Input power
446,-36.72084,-0.73697,578.51,12.81,215.64,Input power
498,-36.69212,-0.78666,576.82,17.56,215.64,Input power
616,-36.69212,-0.54216,578.59,3.61,215.74,Input power
1015,-36.63467,0.70619,576.38,11.21,215.64,Input power
394,-36.51498,0.62071,579.37,11.97,215.37,Input power
553,-36.51498,-0.43084,577.59,8.3,215.37,Input power
448,-36.48626,-0.95762,576.38,12.79,215.37,Input power
496,-36.48626,-0.82245,579.61,17.52,215.63,Input power
528,-36.48626,-1.07887,578.84,11.01,215.83,Input power
769,-36.48626,0.87714,578.45,11.63,215.59,Input power
421,-36.45753,0.81552,578.45,12.4,215.83,Input power
207,-36.42402,0.53524,578.36,7.51,214.89,Input power
260,-36.42402,-0.68926,579.04,2.26,215.05,Input power
281,-36.39529,0.70619,577.94,7.04,215.74,Input power
79,-36.33784,-0.84829,578.16,12.25,215.28,Input power
377,-36.33784,-1.21405,578.21,11.45,215.59,Input power
580,-36.33784,1.31844,578.21,7.2,215.28,Input power
332,-36.30912,0.91491,576.38,10.02,215.74,Input power
661,-36.30912,-0.89599,578.31,7.27,215.83,Input power
895,-36.30912,0.53524,578.45,8.13,215.37,Input power
244,-36.24688,-0.38314,577.41,2.39,215.64,Input power
941,-36.24688,0.55909,576.38,16.59,215.63,Input power
972,-36.24688,-0.81052,578.45,10.69,215.78,Input power
149,-36.1607,-1.01924,578.36,10.56,215.78,Input power
943,-36.1607,0.70619,578.45,11.95,215.64,Input power
497,-36.10325,-0.7489,578.36,17.67,215.83,Input power
632,-36.07453,-0.91985,578.31,2.95,215.28,Input power
618,-36.01229,-1.15242,578.45,3.26,215.59,Input power
1008,-36.01229,0.69426,578.84,11.31,215.63,Input power
400,-35.98356,0.66842,578.31,11.82,215.78,Input power
206,-35.95484,0.79167,579.61,7.54,215.31,Input power
784,-35.95484,-0.60378,578.24,12.69,215.28,Input power
84,-35.92611,-0.83437,578.83,12.1,214.89,Input power
837,-35.92611,0.64457,578.45,9.95,215.37,Input power
1016,-35.92611,0.86522,577.61,11.23,215.28,Input power
896,-35.89739,0.66842,578.83,8.05,215.83,Input power
480,-35.7777,0.901,579.34,12.87,215.37,Input power
246,-35.72025,1.0481,577.61,2.13,215.37,Input power
447,-35.72025,-1.03117,577.41,12.78,215.28,Input power
702,-35.72025,1.02424,578.84,10.49,215.28,Input power
463,-35.68674,-0.54216,579.04,15.98,215.39,Input power
191,-35.65801,-0.94569,579.37,8.57,215.83,Input power
283,-35.65801,0.65649,578.24,6.85,215.59,Input power
106,-35.60056,0.47361,578.14,11.6,214.97,Input power
944,-35.60056,0.84136,579.34,11.92,215.28,Input power
343,-35.57184,-1.58179,577.98,11.14,215.63,Input power
563,-35.57184,-1.37307,577.41,10.42,215.28,Input power
971,-35.57184,-0.84829,577.61,10.74,215.37,Input power
243,-35.51439,-0.79859,578.51,2.48,215.83,Input power
391,-35.51439,0.85329,577.61,12.07,215.78,Input power
83,-35.48087,-1.17827,578.45,12.14,215.31,Input power
282,-35.48087,0.87714,578.16,7,215.78,Input power
814,-35.48087,-0.89599,577.59,15.84,215.83,Input power
157,-35.33725,0.68234,577.41,10.37,215.05,Input power
897,-35.33725,0.86522,578.95,8.01,215.28,Input power
534,-35.30373,1.03617,577.41,10.79,215.64,Input power
624,-35.27501,-1.16634,578.45,4.03,215.64,Input power
758,-35.27501,0.87714,578.36,11.84,215.78,Input power
193,-35.24628,-1.04309,578.14,8.43,215.28,Input power
158,-35.21756,0.86522,576.38,10.31,215.28,Input power
449,-35.21756,-0.93376,577.61,12.75,215.78,Input power
617,-35.18883,-0.70119,577.24,3.81,215.78,Input power
743,-35.13138,-1.1405,578.87,12.27,215.83,Input power
396,-35.09787,0.76781,578.14,11.92,214.98,Input power
584,-35.09787,1.30452,578.36,6.85,215.37,Input power
383,-35.06914,0.58294,578.84,11.34,215.37,Input power
462,-35.06914,-0.83437,578.95,16.1,215.31,Input power
373,-35.04042,1.00039,578.45,11.52,214.89,Input power
710,-35.04042,-0.90792,577.61,10.25,215.37,Input power
1017,-34.95424,0.92684,578.45,11.19,215.37,Input power
126,-34.92073,-1.05502,579.27,11.24,215.31,Input power
529,-34.92073,-1.2379,578.59,10.97,215.63,Input power
817,-34.92073,-1.07887,576.82,15.28,215.64,Input power
623,-34.89201,-1.31145,577.61,4.16,215.83,Input power
686,-34.89201,0.84136,578.14,8.71,215.37,Input power
676,-34.86328,-1.16634,578.45,9.34,215.28,Input power
499,-34.80583,-0.93376,578.84,17.48,215.28,Input power
638,-34.80583,0.901,578.21,2.13,215.28,Input power
82,-34.77711,-0.87214,577.98,12.17,215.56,Input power
255,-34.77711,1.20712,578.31,1.47,214.98,Input power
49,-34.74359,0.60879,577.94,12.73,215.05,Input power
395,-34.71487,0.73004,578.87,11.95,215.78,Input power
469,-34.71487,-1.16634,576.82,15.28,215.34,Input power
662,-34.68614,-0.98147,577.98,7.2,215.64,Input power
422,-34.65742,1.06002,579.34,12.39,215.64,Input power
216,-34.62869,0.93877,576.38,7,215.31,Input power
384,-34.62869,0.81552,578.59,11.31,215.78,Input power
583,-34.59997,1.5371,579.61,7,215.28,Input power
785,-34.57124,-0.62764,577.59,12.65,215.37,Input power
1009,-34.53773,0.85329,578.59,11.3,215.59,Input power
236,-34.509,-1.39693,578.36,3.81,215.64,Input power
370,-34.509,-1.03117,578.24,11.59,215.32,Input power
753,-34.48028,-1.10472,579.04,11.97,215.64,Input power
1018,-34.48028,0.98647,579.34,11.18,215.83,Input power
242,-34.45155,-1.16634,579.27,2.47,215.63,Input power
554,-34.42283,-0.68926,579.61,8.26,215.78,Input power
832,-34.36059,-0.94569,577.94,10.1,215.63,Input power
725,-34.27441,-1.19019,578.21,11.42,215.78,Input power
48,-34.24569,1.03617,578.14,12.78,214.97,Input power
285,-34.24569,0.91491,577.98,6.24,215.63,Input power
811,-34.24569,-1.36114,579.04,15.98,215.59,Input power
189,-34.21696,-1.2379,578.45,8.7,214.98,Input power
190,-34.18345,-1.00731,579.34,8.65,215.63,Input power
640,-34.15473,1.15941,577.59,1.98,215.78,Input power
831,-34.15473,-1.17827,578.14,10.14,215.83,Input power
87,-34.09728,-1.11664,578.21,12.01,215.31,Input power
535,-34.03982,1.23296,576.38,10.74,215.28,Input power
641,-34.03982,0.97455,579.61,1.67,214.98,Input power
754,-33.94886,-1.1405,578.21,11.95,214.98,Input power
734,-33.89141,1.07394,578.45,11.27,215.83,Input power
284,-33.86269,1.07394,578.31,6.46,215.83,Input power
371,-33.83396,-0.88407,578.31,11.56,215.56,Input power
468,-33.83396,-1.03117,578.36,15.35,214.89,Input power
770,-33.83396,1.1455,579.34,11.62,215.83,Input power
307,-33.80045,-1.11664,579.37,8.51,215.63,Input power
375,-33.80045,-1.47047,578.95,11.5,215.74,Input power
864,-33.743,-1.01924,578.31,8.05,215.64,Input power
162,-33.71427,0.96262,579.37,10.19,215.31,Input power
217,-33.68555,0.80359,577.61,6.85,214.89,Input power
241,-33.65682,-1.25181,578.45,2.69,215.83,Input power
838,-33.65682,0.88907,578.83,9.9,215.78,Input power
915,-33.65682,0.95069,579.34,12.86,214.98,Input power
639,-33.62331,1.15941,578.24,2.03,215.37,Input power
530,-33.59458,-1.31145,577.24,10.9,215.83,Input power
569,-33.56586,-0.67535,578.87,10.25,214.89,Input power
128,-33.53713,-1.04309,577.41,11.21,215.73,Input power
898,-33.53713,0.93877,579.04,7.89,215.37,Input power
945,-33.53713,1.06002,579.37,11.9,215.37,Input power
962,-33.50841,0.901,576.82,8.8,215.83,Input power
622,-33.47968,-0.93376,576.38,4.27,215.63,Input power
886,-33.45096,-1.385,579.34,2.26,214.82,Input power
900,-33.45096,1.02424,578.24,7.75,215.63,Input power
208,-33.38872,1.15941,576.82,7.43,215.73,Input power
663,-33.35999,-1.09279,578.45,7.13,215.28,Input power
341,-33.33127,-1.7766,578.24,11.19,215.78,Input power
818,-33.33127,-1.36114,578.84,14.92,215.28,Input power
159,-33.30254,1.03617,577.61,10.28,215.32,Input power
330,-33.30254,1.39199,578.51,10.07,215.76,Input power
536,-33.30254,1.23296,577.61,10.69,215.37,Input power
179,-33.27382,-1.19019,576.82,9.24,215.74,Input power
401,-33.27382,0.91491,577.98,11.8,214.98,Input power
335,-33.24031,0.75589,579.34,9.9,215.83,Input power
555,-33.24031,-0.61571,578.36,8.21,215.64,Input power
127,-33.21158,-1.32536,578.51,11.22,214.89,Input power
500,-33.18286,-1.06695,578.59,17.31,215.37,Input power
776,-33.18286,1.10972,578.24,12.79,215.83,Input power
711,-33.09668,-1.11664,578.45,10.2,215.83,Input power
188,-33.03444,-1.20212,577.61,8.71,215.78,Input power
262,-33.03444,-1.03117,578.24,3.17,215.32,Input power
340,-33.03444,-1.43469,578.16,11.23,215.37,Input power
813,-33.03444,-1.47047,578.24,15.95,215.59,Input power
107,-32.97699,1.06002,577.94,11.59,215.05,Input power
759,-32.94827,1.02424,576.82,11.82,215.64,Input power
899,-32.94827,0.93877,578.21,7.8,215.83,Input power
450,-32.89082,-1.33729,578.45,12.78,214.98,Input power
1010,-32.89082,0.95069,577.24,11.28,215.83,Input power
331,-32.8573,1.15941,577.41,10.1,215.34,Input power
973,-32.79985,-1.2379,579.34,10.64,215.83,Input power
86,-32.7424,-0.83437,579.04,12.04,215.29,Input power
121,-32.7424,0.80359,576.82,11.31,215.05,Input power
308,-32.7424,-1.11664,578.87,8.43,215.83,Input power
114,-32.71368,1.2926,578.95,11.45,215.73,Input power
582,-32.71368,1.52517,577.59,7.04,215.64,Input power
733,-32.71368,1.1455,577.24,11.28,215.59,Input power
261,-32.65144,-1.31145,578.21,2.13,215.28,Input power
286,-32.65144,1.0481,578.45,6.18,215.83,Input power
130,-32.53654,-1.44662,577.61,11.19,215.31,Input power
465,-32.50303,-1.64342,578.24,15.95,215.32,Input power
701,-32.50303,1.17134,576.82,10.51,215.64,Input power
642,-32.44558,1.21905,578.36,1.48,215.63,Input power
675,-32.44558,-1.45855,577.24,9.41,215.64,Input power
209,-32.41685,1.15941,578.84,7.4,215.29,Input power
537,-32.41685,1.39199,578.45,10.64,215.83,Input power
687,-32.41685,1.03617,577.94,8.7,215.78,Input power
85,-32.38812,-1.16634,578.95,12.07,215.73,Input power
108,-32.38812,0.79167,578.16,11.56,215.28,Input power
724,-32.3594,-1.33729,579.04,11.45,215.64,Input power
160,-32.33067,0.91491,578.45,10.25,215.49,Input power
713,-32.33067,-1.27567,579.37,10.14,215.83,Input power
619,-32.26844,-0.9934,579.27,7.61,215.83,Input power
481,-32.21099,1.07394,579.37,12.89,215.78,Input power
148,-32.18226,-1.26374,579.61,10.57,215.37,Input power
1019,-32.18226,1.25682,579.37,11.14,215.64,Input power
287,-32.12002,1.30452,578.83,5.82,215.64,Input power
385,-32.12002,0.98647,577.24,11.3,214.98,Input power
403,-32.12002,-1.50824,578.83,11.76,215.48,Input power
1011,-32.0913,1.12164,578.45,11.27,215.59,Input power
1012,-32.0913,1.17134,579.27,11.26,215.83,Input power
664,-32.06257,-1.31145,578.83,7.04,215.37,Input power
186,-32.03385,-1.42277,577.41,8.85,215.28,Input power
562,-31.9764,-1.99725,578.51,10.46,215.05,Input power
161,-31.94767,1.23296,579.34,10.2,215.56,Input power
643,-31.94767,1.46355,576.82,1.74,215.37,Input power
115,-31.91416,1.12164,579.04,11.42,215.29,Input power
318,-31.91416,-1.74082,579.04,10.46,215.05,Input power
467,-31.91416,-1.20212,579.61,15.42,215.31,Input power
587,-31.91416,1.88099,578.59,6.18,215.83,Input power
901,-31.91416,1.09779,577.59,7.7,215.83,Input power
423,-31.82798,1.35422,579.37,12.37,215.28,Input power
464,-31.79926,-0.89599,578.21,15.93,215.28,Input power
451,-31.77053,-1.34922,579.34,12.73,215.63,Input power
946,-31.77053,1.08586,578.87,11.89,215.83,Input power
715,-31.70829,-1.43469,578.14,10.07,214.98,Input power
180,-31.65084,-1.5321,578.84,9.2,215.78,Input power
917,-31.65084,1.1455,578.87,12.81,215.37,Input power
187,-31.62212,-1.27567,576.38,8.8,215.37,Input power
885,-31.62212,-1.32536,578.45,2.39,214.98,Input power
916,-31.62212,1.2926,579.37,12.82,215.63,Input power
288,-31.55988,1.2926,578.95,5.64,215.28,Input power
538,-31.55988,1.55101,579.34,10.6,215.63,Input power
620,-31.55988,-1.11664,578.51,7.54,215.59,Input power
839,-31.55988,1.0481,578.95,9.94,215.78,Input power
947,-31.53116,1.35422,578.14,11.84,215.64,Input power
712,-31.47371,-1.37307,579.34,10.19,215.63,Input power
778,-31.47371,-1.54402,577.98,12.78,215.37,Input power
116,-31.44498,1.39199,578.21,11.4,215.31,Input power
89,-31.41626,-1.41084,577.59,11.95,215.34,Master laser power
744,-31.41626,-1.60565,578.14,12.25,215.64,Master laser power
531,-31.35402,-1.59372,578.45,10.85,215.64,Master laser power
588,-31.35402,1.6842,577.24,5.82,215.64,Master laser power
47,-31.29657,1.12164,578.87,12.75,214.93,Master laser power
305,-31.26784,-1.50824,578.45,8.65,215.78,Master laser power
306,-31.23912,-1.20212,579.34,8.57,214.98,Master laser power
501,-31.23912,-1.32536,577.24,16.59,215.78,Master laser power
256,-31.21039,1.5371,577.98,2.03,214.82,Master laser power
735,-31.21039,1.42777,579.27,11.26,215.63,Master laser power
570,-31.14815,-1.7766,578.14,10.2,215.34,Master laser power
688,-31.14815,1.19519,578.16,8.65,215.64,Master laser power
210,-31.0907,1.31844,578.59,7.37,215.31,Master laser power
752,-31.0907,-1.42277,578.95,12.01,215.83,Master laser power
819,-31.06198,-1.83822,578.59,15.4,215.37,Master laser power
129,-30.97101,-1.60565,576.38,11.23,215.29,Master laser power
700,-30.97101,1.4397,578.36,10.53,215.83,Master laser power
948,-30.94229,1.36615,577.94,11.82,215.28,Master laser power
974,-30.94229,-1.2379,579.37,10.6,215.63,Master laser power
289,-30.91356,1.4397,579.04,5.48,215.37,Master laser power
840,-30.91356,1.23296,579.04,9.83,215.64,Master laser power
812,-30.88484,-1.7766,578.21,15.93,215.83,Master laser power
131,-30.85611,-1.33729,578.45,11.18,215.76,Master laser power
902,-30.85611,1.28067,579.61,13.1,215.83,Master laser power
225,-30.79388,-1.48439,578.24,5.02,215.59,Master laser power
376,-30.79388,-1.99725,579.04,11.47,215.78,Master laser power
556,-30.7077,-0.96954,576.82,8.13,215.78,Master laser power
903,-30.7077,1.39199,578.36,12.95,215.63,Master laser power
787,-30.67897,-1.19019,578.36,12.63,215.63,Master laser power
578,-30.65025,-1.80244,578.95,7.33,215.83,Master laser power
404,-30.61674,-1.59372,578.95,11.74,214.93,Master laser power
424,-30.61674,1.47746,578.87,12.35,215.37,Master laser power
502,-30.61674,-1.42277,578.45,11.97,215.64,Master laser power
539,-30.61674,1.6842,579.37,10.57,215.83,Master laser power
975,-30.61674,-1.43469,578.87,10.57,215.59,Master laser power
211,-30.58801,1.56294,577.24,7.33,215.39,Master laser power
337,-30.58801,1.00039,578.87,9.83,215.83,Master laser power
723,-30.55929,-1.66727,578.95,11.47,215.78,Master laser power
237,-30.50184,-1.09279,576.82,3.26,215.28,Master laser power
1020,-30.50184,1.46355,578.87,12.27,215.28,Master laser power
113,-30.4396,1.40392,578.83,11.47,214.89,Master laser power
226,-30.4396,-1.71498,578.31,4.95,215.83,Master laser power
181,-30.3247,-1.49632,578.59,9.17,215.59,Master laser power
949,-30.3247,1.48939,578.16,11.8,215.37,Master laser power
644,-30.29597,1.6842,578.84,1.47,215.78,Master laser power
581,-30.26725,2.12549,578.24,7.13,215.37,Master laser power
625,-30.23373,-1.81437,579.34,3.87,215.28,Master laser power
674,-30.23373,-1.71498,578.59,9.5,215.83,Master laser power
865,-30.23373,-1.66727,577.98,8.01,214.98,Master laser power
665,-30.20501,-1.59372,578.95,7,215.83,Master laser power
263,-30.17628,-1.44662,577.59,3.03,215.49,Master laser power
386,-30.17628,1.48939,578.45,12.23,215.63,Master laser power
132,-30.11883,-1.58179,579.34,11.14,215.34,Master laser power
238,-30.11883,-2.27952,578.84,3.17,215.37,Master laser power
841,-30.11883,1.37807,578.21,9.75,215.28,Master laser power
1013,-30.09011,1.40392,578.51,11.24,215.63,Master laser power
482,-30.0566,1.41584,578.87,12.9,214.98,Master laser power
168,-30.02787,-1.80244,578.31,10,215.28,Master laser power
290,-30.02787,1.59872,578.21,5.18,215.78,Master laser power
821,-30.02787,-1.48439,578.45,14.89,215.28,Master laser power
325,-29.99914,0.88907,578.84,10.25,215.31,Master laser power
645,-29.97042,1.69613,578.59,8.21,215.64,Master laser power
976,-29.97042,-1.65534,578.14,10.56,215.83,Master laser power
247,-29.94169,1.8313,578.45,2.03,215.78,Master laser power
621,-29.94169,-1.32536,577.41,7.51,215.83,Master laser power
265,-29.91297,-1.71498,578.36,2.69,215.31,Master laser power
466,-29.91297,-2.0211,577.59,15.84,215.56,Master laser power
751,-29.91297,-1.58179,578.83,12.04,215.63,Master laser power
163,-29.85073,1.52517,578.87,10.14,214.89,Master laser power
689,-29.82201,1.56294,578.24,8.57,215.78,Master laser power
626,-29.79328,-1.50824,579.37,3.69,215.37,Master laser power
745,-29.79328,-1.78853,577.94,12.23,215.28,Master laser power
577,-29.7071,-1.17827,578.83,7.37,215.63,Master laser power
868,-29.67359,-1.58179,578.95,10.49,215.78,Master laser power
212,-29.61614,1.69613,578.45,7.27,215.28,Master laser power
336,-29.61614,1.26874,579.37,9.94,215.63,Master laser power
722,-29.61614,-1.88792,578.83,11.5,215.37,Master laser power
185,-29.58742,-1.56987,578.51,8.91,215.64,Master laser power
452,-29.58742,-1.83822,579.37,12.74,215.83,Master laser power
540,-29.55869,1.84322,578.87,10.56,215.64,Master laser power
760,-29.55869,1.46355,578.84,11.8,215.28,Master laser power
93,-29.49645,-1.71498,578.84,11.84,215.83,Master laser power
1021,-29.49645,1.63649,578.14,12.25,215.37,Master laser power
232,-29.41028,-2.10658,578.21,4.03,215.78,Master laser power
402,-29.41028,1.42777,578.45,11.79,214.82,Master laser power
88,-29.38155,-1.36114,578.24,11.97,215.76,Master laser power
736,-29.38155,1.64842,578.51,11.24,215.83,Master laser power
771,-29.38155,1.58679,579.37,11.6,215.63,Master laser power
786,-29.38155,-1.09279,579.61,12.66,215.83,Master laser power
45,-29.35283,1.57487,579.34,12.78,215.39,Master laser power
182,-29.35283,-1.76467,577.24,9.1,215.83,Master laser power
822,-29.35283,-1.74082,579.27,14.83,215.37,Master laser power
788,-29.29059,-1.37307,576.82,12.61,215.83,Master laser power
427,-29.26186,1.89292,578.16,12.29,215.63,Master laser power
627,-29.26186,-1.96147,578.87,3.61,215.83,Master laser power
779,-29.26186,-1.88792,578.45,12.73,215.83,Master laser power
699,-29.23314,1.66034,579.61,10.56,215.63,Master laser power
291,-29.20441,1.4397,578.24,5.02,214.98,Master laser power
351,-29.17569,-1.6792,579.61,10.85,215.37,Master laser power
1014,-29.17569,1.64842,577.41,11.22,215.83,Master laser power
184,-29.14696,-1.88792,579.27,9,215.83,Master laser power
586,-29.14696,2.18712,578.84,6.24,215.63,Master laser power
714,-29.14696,-1.61757,578.87,10.1,215.64,Master laser power
109,-29.11345,1.73389,578.24,11.54,215.32,Master laser power
557,-29.11345,-1.19019,578.84,8.05,214.98,Master laser power
112,-28.90759,1.31844,578.45,11.5,215.31,Master laser power
264,-28.90759,-1.7766,579.61,2.95,215.56,Master laser power
426,-28.90759,1.67227,577.94,12.3,214.98,Master laser power
820,-28.90759,-1.72889,577.24,14.95,215.83,Master laser power
666,-28.87886,-1.78853,579.04,6.85,215.64,Master laser power
165,-28.85014,1.57487,577.94,10.07,215.29,Master laser power
646,-28.85014,1.48939,577.24,8.13,215.28,Master laser power
266,-28.82141,-1.98532,576.82,2.47,214.89,Master laser power
805,-28.82141,-2.0211,578.24,17.31,215.37,Master laser power
806,-28.82141,-1.86208,578.31,16.59,215.78,Master laser power
167,-28.79269,-1.59372,578.24,10.02,215.39,Master laser power
506,-28.79269,-1.58179,576.38,11.89,215.64,Master laser power
977,-28.79269,-1.75275,577.94,10.53,215.59,Master laser power
541,-28.75917,2.01418,578.14,10.53,215.28,Master laser power
292,-28.70172,1.79552,577.59,9.41,215.63,Master laser power
918,-28.70172,1.80744,578.14,12.78,215.78,Master laser power
145,-28.673,-1.88792,578.21,10.69,215.83,Master laser power
319,-28.673,-1.2876,578.21,10.42,215.28,Master laser power
628,-28.673,-2.19205,578.14,3.81,215.64,Master laser power
254,-28.64427,1.13357,578.24,1.56,215.78,Master laser power
869,-28.64427,-1.94755,579.04,10.46,215.83,Master laser power
90,-28.61555,-1.70305,579.61,11.92,215.74,Master laser power
378,-28.61555,-2.4624,578.24,11.42,215.83,Master laser power
842,-28.61555,1.64842,578.24,11.21,215.37,Master laser power
425,-28.55331,2.01418,578.14,12.32,215.78,Master laser power
507,-28.55331,-1.6295,577.61,11.84,215.78,Master laser power
807,-28.55331,-1.76467,577.98,16.63,215.64,Master laser power
950,-28.55331,1.75775,578.24,11.79,215.83,Master laser power
503,-28.52458,-1.80244,579.27,11.95,215.28,Master laser power
294,-28.49586,1.6842,578.36,9.24,215.64,Master laser power
342,-28.46713,-2.81623,578.31,11.18,214.98,Master laser power
352,-28.43841,-2.10658,578.36,10.84,215.78,Master laser power
388,-28.43841,1.5371,578.51,12.17,215.64,Master laser power
164,-28.34744,1.8313,578.14,10.1,215.73,Master laser power
183,-28.34744,-1.89984,578.45,9.03,215.63,Master laser power
629,-28.34744,-1.76467,577.94,3.26,215.28,Master laser power
952,-28.31872,1.91677,577.98,9.41,215.37,Master laser power
904,-28.28999,1.8313,576.82,12.98,215.83,Master laser power
866,-28.23254,-1.91177,578.45,7.89,215.63,Master laser power
405,-28.20382,-2.00917,579.04,12.65,214.97,Master laser power
483,-28.20382,1.7816,578.14,12.86,215.63,Master laser power
234,-28.17031,-2.29145,577.59,3.69,215.63,Master laser power
252,-28.17031,2.19904,577.94,1.47,215.28,Master laser power
350,-28.17031,-1.6792,577.59,10.9,215.28,Master laser power
215,-28.14158,1.46355,577.41,7.04,215.56,Master laser power
453,-28.02668,-2.18013,578.87,17.52,215.64,Master laser power
46,-27.99317,1.59872,579.37,12.79,215.73,Master laser power
213,-27.99317,1.94063,579.27,7.2,215.32,Master laser power
505,-27.99317,-1.86208,577.41,11.9,215.78,Master laser power
737,-27.99317,1.8313,577.41,11.22,215.64,Master laser power
134,-27.96444,-1.75275,578.87,11.1,215.78,Master laser power
585,-27.96444,2.5171,576.82,6.46,215.83,Master laser power
919,-27.96444,1.9784,577.94,12.79,215.83,Master laser power
133,-27.93572,-2.05887,579.37,11.12,215.74,Master laser power
978,-27.93572,-1.88792,578.16,10.51,215.83,Master laser power
484,-27.90699,2.08773,577.94,12.84,215.83,Master laser power
110,-27.87827,1.63649,578.31,11.52,215.49,Master laser power
750,-27.87827,-2.2656,578.45,12.07,215.83,Master laser power
293,-27.84954,1.73389,579.61,9.34,215.83,Master laser power
716,-27.84954,-2.3153,577.94,10.1,215.63,Master laser power
224,-27.81603,-1.9237,578.16,5.18,215.78,Master laser power
789,-27.7873,-1.5321,578.84,12.59,215.64,Master laser power
690,-27.75858,1.72197,578.31,8.51,214.98,Master laser power
804,-27.75858,-2.04694,578.16,12.35,215.28,Master laser power
571,-27.72985,-2.4127,577.94,10.19,215.74,Master laser power
673,-27.72985,-2.10658,578.84,9.59,215.63,Master laser power
823,-27.72985,-2.00917,578.51,14.56,215.83,Master laser power
647,-27.70113,1.85515,578.45,8.05,215.37,Master laser power
746,-27.6724,-2.25368,578.16,12.2,215.37,Master laser power
920,-27.6724,1.9784,578.16,12.75,215.63,Master laser power
387,-27.61016,2.06387,579.27,12.2,215.83,Master laser power
407,-27.61016,-1.99725,578.24,12.63,215.28,Master laser power
870,-27.61016,-2.05887,578.21,10.42,215.63,Master laser power
233,-27.58144,-1.385,578.24,3.87,214.98,Master laser power
353,-27.58144,-2.30337,576.82,10.83,214.98,Master laser power
884,-27.55271,-1.85015,577.61,2.48,214.98,Master laser power
374,-27.49526,1.33037,578.83,11.51,215.34,Master laser power
542,-27.49526,2.27259,577.94,11.72,215.37,Master laser power
951,-27.49526,1.95454,578.31,11.76,215.28,Master laser power
43,-27.43303,1.9784,577.61,12.82,214.82,Master laser power
267,-27.43303,-2.1682,578.84,2.48,215.73,Master laser power
327,-27.4043,2.19904,577.24,10.19,215.73,Master laser power
558,-27.4043,-1.6295,578.59,8.01,214.82,Master laser power
428,-27.37558,1.72197,578.24,12.27,215.83,Master laser power
166,-27.34685,1.86907,578.16,10.1,215.31,Master laser power
630,-27.34685,-2.35108,578.16,3.17,215.37,Master laser power
721,-27.34685,-2.3153,578.45,11.51,215.28,Master laser power
979,-27.34685,-2.08272,578.24,10.49,215.63,Master laser power
146,-27.2894,-1.98532,578.24,10.64,215.64,Master laser power
1022,-27.2894,1.84322,577.94,12.27,215.83,Master laser power
228,-27.25589,-2.52402,578.45,4.59,215.83,Master laser power
248,-27.25589,2.47933,579.34,1.98,214.98,Master laser power
454,-27.22716,-2.25368,578.14,17.67,215.78,Master laser power
808,-27.22716,-1.66727,578.45,16.85,215.78,Master laser power
843,-27.22716,2.00225,577.59,11.23,215.78,Master laser power
214,-27.19844,2.14935,578.51,7.13,215.49,Master laser power
905,-27.19844,2.0758,578.84,12.94,215.64,Master laser power
738,-27.16971,2.08773,576.38,11.21,215.28,Master laser power
761,-27.08354,2.01418,578.59,11.79,215.37,Master laser power
824,-27.08354,-2.12049,577.41,14.68,215.63,Master laser power
825,-27.08354,-2.12049,576.38,13.79,215.83,Master laser power
543,-27.05002,2.38192,578.16,11.7,215.78,Master laser power
871,-27.05002,-2.19205,578.24,10.4,215.83,Master laser power
295,-27.0213,2.0758,576.82,9.2,215.28,Master laser power
354,-27.0213,-2.4127,578.84,10.79,215.63,Master laser power
42,-26.96385,2.21097,576.38,12.86,214.98,Master laser power
92,-26.96385,-2.10658,576.82,11.89,215.59,Master laser power
169,-26.96385,-2.24175,577.98,9.95,215.32,Master laser power
439,-26.9064,1.91677,578.36,12.9,214.98,Master laser power
980,-26.9064,-2.27952,578.31,10.46,215.83,Master laser power
44,-26.87288,1.79552,578.45,12.81,215.48,Master laser power
631,-26.81543,-2.54787,578.24,3.03,215.64,Master laser power
867,-26.81543,-2.20597,578.83,10.51,215.37,Master laser power
455,-26.78671,-2.33915,577.94,17.56,214.98,Master laser power
790,-26.78671,-1.91177,578.59,12.57,214.98,Master laser power
40,-26.75798,2.09965,578.51,12.85,215.37,Master laser power
504,-26.75798,-2.14435,578.51,11.92,215.37,Master laser power
91,-26.72926,-1.82629,578.36,11.9,215.78,Master laser power
379,-26.72926,-2.91562,577.59,11.4,215.63,Master laser power
780,-26.69575,-2.53595,578.83,12.74,215.64,Master laser power
409,-26.66702,-2.7069,579.61,12.59,215.39,Master laser power
41,-26.63829,1.89292,577.41,12.84,215.78,Master laser power
906,-26.63829,2.19904,578.59,12.93,215.28,Master laser power
36,-26.55212,2.25868,578.59,12.89,215.63,Master laser power
698,-26.55212,2.34614,577.59,10.57,215.83,Master laser power
218,-26.52339,-2.43854,578.45,6.46,215.73,Master laser power
429,-26.52339,2.45547,578.31,12.25,215.64,Master laser power
380,-26.48988,-2.57173,579.61,11.39,215.83,Master laser power
138,-26.46116,-2.24175,578.24,10.97,215.83,Master laser power
667,-26.46116,-2.10658,578.21,6.46,215.28,Master laser power
747,-26.37498,-2.62142,578.24,12.17,215.64,Master laser power
508,-26.34626,-2.22982,578.45,11.82,214.98,Master laser power
914,-26.34626,2.14935,578.45,12.84,215.64,Master laser power
982,-26.34626,-2.2656,578.45,10.4,215.28,Master laser power
856,-26.31274,-2.48625,578.45,11.6,215.28,Master laser power
921,-26.31274,2.27259,578.24,12.78,215.83,Master laser power
981,-26.31274,-2.37692,577.98,10.42,215.64,Master laser power
717,-26.28402,-2.52402,578.16,11.59,215.37,Master laser power
355,-26.25529,-2.58366,578.59,10.74,215.83,Master laser power
34,-26.22657,2.01418,576.82,12.9,215.59,Master laser power
431,-26.19784,2.43162,578.45,13.1,215.37,Master laser power
544,-26.19784,2.69998,578.24,11.69,214.98,Master laser power
589,-26.19784,1.8313,578.45,5.64,215.28,Master laser power
798,-26.19784,-2.74268,578.45,12.45,214.98,Master laser power
406,-26.16912,-2.42463,578.21,12.66,215.05,Master laser power
111,-26.1356,2.12549,577.98,11.51,215.56,Master laser power
320,-26.1356,-1.74082,578.24,10.4,215.31,Master laser power
953,-26.1356,2.33223,578.45,9.34,215.83,Master laser power
35,-26.10688,2.30837,578.84,12.87,215.83,Master laser power
139,-26.07815,-2.03303,578.31,10.9,215.64,Master laser power
219,-26.07815,-2.30337,579.34,6.24,215.29,Slave laser power
907,-26.0207,2.34614,577.24,12.9,215.37,Slave laser power
39,-25.99198,2.11357,579.27,12.84,215.28,Slave laser power
269,-25.92974,-2.5598,577.24,3.81,215.31,Slave laser power
323,-25.92974,-2.79238,578.36,10.31,215.32,Slave laser power
430,-25.92974,2.62643,577.98,12.23,215.28,Slave laser power
826,-25.90101,-2.29145,577.61,13.52,215.64,Slave laser power
691,-25.87229,2.16128,577.98,8.43,214.82,Slave laser power
668,-25.84356,-2.54787,578.24,6.24,215.37,Slave laser power
880,-25.84356,-2.64528,579.27,10.1,215.37,Slave laser power
135,-25.81484,-2.47432,578.14,11.08,215.59,Slave laser power
251,-25.81484,1.52517,578.14,1.74,215.64,Slave laser power
772,-25.81484,2.43162,578.87,11.59,215.83,Slave laser power
31,-25.78611,2.4674,577.59,12.98,215.34,Slave laser power
296,-25.78611,2.25868,578.84,9.17,215.37,Slave laser power
227,-25.7526,-3.11043,577.98,4.72,215.63,Slave laser power
258,-25.72388,2.88285,578.83,1.67,214.93,Slave laser power
762,-25.72388,2.33223,577.24,11.76,215.78,Slave laser power
913,-25.72388,2.5171,577.61,12.85,215.83,Slave laser power
954,-25.69515,2.44355,578.83,9.24,215.63,Slave laser power
456,-25.66642,-2.68305,578.16,17.48,214.82,Slave laser power
509,-25.66642,-2.37692,579.34,11.8,214.82,Slave laser power
879,-25.66642,-2.4127,578.45,10.14,215.28,Slave laser power
37,-25.60897,1.94063,577.24,12.9,215.83,Slave laser power
94,-25.60897,-2.52402,578.59,11.82,215.63,Slave laser power
30,-25.57546,2.13742,578.24,12.95,215.76,Slave laser power
438,-25.57546,2.73576,579.61,12.89,215.78,Slave laser power
872,-25.57546,-2.64528,577.59,10.39,215.64,Slave laser power
344,-25.48929,-1.93563,578.45,11.12,215.83,Slave laser power
983,-25.46056,-2.64528,578.83,10.39,215.37,Slave laser power
697,-25.43184,2.45547,578.24,10.6,215.59,Slave laser power
38,-25.40311,2.3203,578.45,12.86,215.64,Slave laser power
648,-25.40311,2.5171,579.27,8.01,215.78,Slave laser power
33,-25.3696,2.6145,578.36,12.93,215.78,Slave laser power
102,-25.3696,-2.25368,578.45,11.66,215.48,Slave laser power
844,-25.3696,2.54095,579.61,11.19,215.64,Slave laser power
220,-25.34087,-2.71883,579.37,6.18,215.31,Slave laser power
827,-25.31215,-2.62142,578.45,13.41,214.98,Slave laser power
922,-25.31215,2.67612,578.31,12.73,215.64,Slave laser power
984,-25.31215,-2.49818,578.95,10.37,215.83,Slave laser power
390,-25.28342,2.39385,576.38,12.1,215.37,Slave laser power
883,-25.28342,-2.81623,576.38,2.47,215.78,Slave laser power
268,-25.2547,-2.58366,578.59,3.61,215.29,Slave laser power
347,-25.19246,-2.88978,579.04,11.04,215.37,Slave laser power
32,-25.16373,2.2229,579.61,12.94,215.74,Slave laser power
955,-25.16373,2.5171,578.95,9.2,215.83,Slave laser power
881,-25.13501,-2.82816,578.51,2.95,215.78,Slave laser power
28,-25.10628,2.77352,579.04,13.67,215.29,Slave laser power
29,-25.10628,2.45547,578.21,13.1,215.31,Slave laser power
221,-25.10628,-2.4624,578.87,5.82,215.76,Slave laser power
389,-25.10628,2.35807,577.41,12.14,215.28,Slave laser power
297,-25.07756,2.67612,578.59,9.1,215.78,Slave laser power
861,-25.07756,-3.08657,577.94,8.26,215.83,Slave laser power
545,-25.04883,2.93255,578.31,11.66,215.63,Slave laser power
809,-25.04883,-1.99725,578.83,16.15,214.98,Slave laser power
326,-25.01532,1.90485,578.59,10.2,214.89,Slave laser power
803,-24.98659,-2.854,577.94,12.37,215.64,Slave laser power
873,-24.98659,-2.88978,579.61,10.37,214.98,Slave laser power
457,-24.95787,-2.7566,578.24,17.31,215.48,Slave laser power
561,-24.92914,-3.343,579.27,10.49,214.97,Slave laser power
137,-24.90042,-2.69497,578.16,11.01,215.63,Slave laser power
147,-24.90042,-2.5598,577.59,10.6,215.28,Slave laser power
912,-24.90042,2.7119,576.38,12.84,215.63,Slave laser power
222,-24.87169,-2.90171,578.14,5.64,215.34,Slave laser power
249,-24.87169,3.26253,579.37,1.67,215.63,Slave laser power
485,-24.87169,2.5648,578.16,12.85,215.64,Slave laser power
692,-24.87169,2.4674,578.45,8.3,215.48,Slave laser power
908,-24.80946,2.59064,578.45,12.87,215.83,Slave laser power
170,-24.75201,-2.68305,578.45,9.9,215.49,Slave laser power
882,-24.75201,-2.90171,577.41,2.69,215.64,Slave laser power
27,-24.72328,2.4177,578.95,13.41,215.73,Slave laser power
649,-24.69456,2.83515,578.51,7.89,215.64,Slave laser power
229,-24.66583,-2.04694,578.83,4.51,215.64,Slave laser power
546,-24.66583,3.09158,577.98,11.64,215.83,Slave laser power
345,-24.63232,-2.42463,578.83,11.1,215.64,Slave laser power
739,-24.63232,2.7119,577.61,11.23,215.37,Slave laser power
26,-24.60359,2.7119,578.83,13.52,214.89,Slave laser power
510,-24.60359,-2.62142,579.37,11.79,215.48,Slave laser power
748,-24.60359,-2.98718,578.31,12.14,215.28,Slave laser power
749,-24.60359,-2.98718,577.98,12.1,215.37,Slave laser power
828,-24.60359,-2.854,579.34,13.67,215.63,Slave laser power
985,-24.60359,-2.78045,579.04,10.31,215.64,Slave laser power
791,-24.57487,-2.2656,577.24,12.53,215.63,Slave laser power
356,-24.54614,-2.854,577.24,10.69,215.64,Slave laser power
956,-24.54614,2.67612,579.04,9.17,215.83,Slave laser power
136,-24.48869,-3.04881,577.94,11.04,215.83,Slave laser power
408,-24.48869,-3.17205,577.59,12.61,215.31,Slave laser power
24,-24.45997,2.94448,577.98,14.68,215.56,Slave laser power
797,-24.45997,-3.02495,577.61,12.46,215.64,Slave laser power
381,-24.42645,-2.7566,578.36,11.37,215.64,Slave laser power
432,-24.42645,2.5171,578.83,12.95,215.83,Slave laser power
231,-24.39773,-3.50203,579.04,4.16,215.37,Slave laser power
857,-24.39773,-2.84207,579.34,11.59,215.37,Slave laser power
298,-24.369,2.859,577.24,9.03,214.98,Slave laser power
845,-24.34028,2.77352,578.36,11.18,215.78,Slave laser power
328,-24.31155,2.05195,578.45,10.14,215.29,Slave laser power
321,-24.28283,-2.4127,577.59,10.39,215.39,Slave laser power
171,-24.24931,-2.86593,578.83,9.94,215.56,Slave laser power
669,-24.24931,-3.02495,577.59,6.18,215.64,Slave laser power
672,-24.24931,-2.88978,576.82,9.68,215.83,Slave laser power
433,-24.19186,2.99417,578.95,12.98,215.63,Slave laser power
799,-24.19186,-3.21976,579.34,12.44,215.63,Slave laser power
763,-24.16314,2.7616,578.45,11.74,215.64,Slave laser power
140,-24.13441,-2.64528,577.98,10.85,215.28,Slave laser power
302,-24.13441,-3.02495,577.41,8.8,215.64,Slave laser power
911,-24.13441,2.89478,577.41,12.86,215.83,Slave laser power
650,-24.10569,2.74967,577.41,7.8,215.78,Slave laser power
986,-24.10569,-2.87785,578.21,10.28,215.28,Slave laser power
436,-24.04345,3.20091,578.24,12.9,215.28,Slave laser power
874,-24.04345,-3.06073,578.36,10.31,215.63,Slave laser power
693,-23.986,2.72383,578.83,10.79,214.93,Slave laser power
23,-23.95727,2.59064,578.31,14.56,215.49,Slave laser power
95,-23.95727,-2.87785,577.24,11.8,215.83,Slave laser power
223,-23.95727,-3.23367,577.94,5.48,215.74,Slave laser power
810,-23.95727,-2.47432,578.95,16.1,214.82,Slave laser power
988,-23.95727,-3.14621,577.59,10.2,215.83,Slave laser power
576,-23.89982,-3.80815,578.45,7.4,215.83,Slave laser power
829,-23.89982,-3.02495,579.37,13.1,215.37,Slave laser power
909,-23.86631,2.9087,579.27,12.89,215.28,Slave laser power
25,-23.83759,2.69998,578.45,13.79,215.31,Slave laser power
846,-23.83759,2.9087,576.82,11.14,214.98,Slave laser power
19,-23.80886,3.02995,578.14,15.4,214.97,Slave laser power
172,-23.80886,-3.11043,578.95,9.83,215.31,Slave laser power
858,-23.78014,-3.21976,579.37,11.56,215.83,Slave laser power
20,-23.75141,2.93255,577.94,14.95,215.05,Slave laser power
773,-23.75141,3.04188,578.14,11.56,215.64,Slave laser power
957,-23.75141,3.02995,578.21,9.1,215.63,Slave laser power
250,-23.72269,1.9784,578.87,1.48,215.83,Slave laser power
14,-23.66045,3.16513,577.61,15.84,214.82,Slave laser power
459,-23.66045,-3.2456,577.98,16.63,214.97,Slave laser power
547,-23.66045,3.31222,578.45,11.63,215.64,Slave laser power
987,-23.66045,-3.01302,578.24,10.25,215.37,Slave laser power
270,-23.603,-3.06073,578.45,3.26,215.39,Slave laser power
718,-23.603,-3.17205,578.24,11.56,215.78,Slave laser power
958,-23.603,3.09158,578.24,9.03,215.83,Slave laser power
141,-23.57427,-3.37878,578.45,10.84,215.37,Slave laser power
434,-23.57427,2.78545,579.04,12.94,215.83,Slave laser power
847,-23.54555,2.98225,578.84,11.12,214.98,Slave laser power
862,-23.54555,-3.57558,578.16,8.21,215.63,Slave laser power
590,-23.48331,2.44355,579.27,5.48,215.37,Slave laser power
96,-23.42586,-3.18398,578.45,11.79,215.64,Slave laser power
235,-23.42586,-2.53595,579.61,3.61,215.83,Slave laser power
511,-23.42586,-2.92755,578.87,11.76,214.93,Slave laser power
910,-23.42586,3.23867,578.51,12.9,215.37,Slave laser power
18,-23.36841,2.65028,578.87,14.92,214.93,Slave laser power
795,-23.33968,-2.68305,577.41,12.49,215.63,Slave laser power
17,-23.30617,2.93255,579.37,15.28,215.73,Slave laser power
435,-23.30617,3.31222,578.21,12.93,215.64,Slave laser power
802,-23.30617,-3.17205,578.14,12.39,215.78,Slave laser power
875,-23.30617,-3.36686,576.82,10.28,215.37,Slave laser power
101,-23.27744,-2.91562,577.61,11.69,214.82,Slave laser power
740,-23.27744,3.11543,578.45,11.19,215.83,Slave laser power
21,-23.21999,3.1532,578.16,14.89,215.28,Slave laser power
781,-23.21999,-3.02495,578.95,12.72,215.28,Slave laser power
178,-23.19127,-3.51396,578.36,9.34,215.34,Slave laser power
271,-23.19127,-3.37878,579.27,7.61,215.28,Slave laser power
848,-23.19127,3.09158,578.59,11.1,214.82,Slave laser power
9,-23.16254,3.5448,578.45,16.15,215.64,Slave laser power
253,-23.16254,2.28452,578.16,1.85,215.37,Slave laser power
800,-23.16254,-3.50203,579.37,12.42,215.37,Slave laser power
994,-23.16254,-3.44041,577.24,11.59,215.83,Slave laser power
12,-23.10031,3.3003,577.41,15.93,215.78,Slave laser power
458,-23.10031,-3.13428,578.31,16.59,214.93,Slave laser power
696,-23.10031,2.99417,578.21,10.64,215.83,Slave laser power
990,-23.10031,-3.25753,578.36,10.14,215.37,Slave laser power
574,-23.07158,-2.0708,578.31,10.07,215.83,Slave laser power
671,-23.07158,-3.23367,578.36,9.75,215.37,Slave laser power
559,-23.04286,-2.81623,577.24,7.89,215.48,Slave laser power
859,-23.04286,-3.31915,578.87,8.43,215.28,Slave laser power
959,-23.01413,3.3003,577.59,9,215.64,Slave laser power
437,-22.95189,3.0061,577.59,12.87,215.37,Slave laser power
142,-22.92317,-3.35493,578.83,10.83,215.78,Slave laser power
16,-22.89444,3.43348,579.34,15.35,215.39,Slave laser power
13,-22.86572,2.88285,576.38,15.95,214.98,Slave laser power
173,-22.86572,-3.20783,579.04,9.75,214.89,Slave laser power
10,-22.83699,3.11543,579.27,16.1,215.28,Slave laser power
257,-22.83699,2.6145,578.45,1.98,215.48,Slave laser power
572,-22.83699,-2.9514,578.16,10.14,215.78,Slave laser power
594,-22.83699,3.87478,577.61,9.34,215.37,Slave laser power
651,-22.83699,3.27446,576.38,7.75,214.98,Slave laser power
792,-22.83699,-2.7069,578.45,12.56,215.37,Slave laser power
764,-22.80827,3.18898,579.27,11.72,215.78,Slave laser power
849,-22.77954,3.37186,577.24,11.08,215.59,Slave laser power
876,-22.77954,-3.45233,578.84,10.25,215.78,Slave laser power
512,-22.7173,-3.23367,578.14,11.74,214.97,Slave laser power
11,-22.68858,3.55673,578.51,15.98,215.37,Slave laser power
97,-22.65985,-3.55172,579.27,11.76,215.28,Slave laser power
100,-22.63113,-3.2456,576.38,11.7,214.98,Slave laser power
177,-22.63113,-3.72268,579.61,9.41,215.76,Slave laser power
989,-22.63113,-3.29331,579.61,10.19,215.28,Slave laser power
303,-22.6024,-3.42848,576.38,8.71,215.28,Slave laser power
801,-22.6024,-3.64913,578.87,12.4,215.78,Slave laser power
346,-22.56889,-3.08657,578.95,11.08,215.28,Slave laser power
652,-22.56889,3.44541,577.61,7.7,214.82,Slave laser power
961,-22.56889,3.50703,578.36,8.85,215.37,Slave laser power
329,-22.51144,2.82322,579.27,10.1,215.31,Slave laser power
719,-22.51144,-3.52588,578.31,11.54,215.78,Slave laser power
774,-22.51144,3.3977,577.94,11.54,215.28,Slave laser power
299,-22.42526,3.32415,578.45,9,215.83,Slave laser power
22,-22.39175,2.99417,578.24,14.83,215.32,Slave laser power
694,-22.39175,3.18898,578.95,10.74,215.78,Slave laser power
176,-22.3343,-3.52588,577.59,9.5,215.31,Slave laser power
230,-22.3343,-2.854,578.95,4.27,215.28,Slave laser power
304,-22.3343,-3.68491,577.61,8.7,215.37,Slave laser power
765,-22.3343,3.37186,578.51,11.7,214.98,Slave laser power
7,-22.30557,3.6422,578.59,16.63,215.63,Slave laser power
793,-22.30557,-3.21976,579.27,12.53,215.78,Slave laser power
592,-22.27685,3.7893,577.41,5.02,214.98,Slave laser power
991,-22.27685,-3.50203,576.82,10.1,215.83,Slave laser power
960,-22.24812,3.67798,579.61,8.91,215.28,Slave laser power
6,-22.2194,3.16513,578.84,16.59,215.83,Slave laser power
460,-22.2194,-3.42848,578.45,16.85,215.05,Slave laser power
144,-22.18589,-3.84393,579.04,10.74,215.63,Slave laser power
850,-22.18589,3.51896,578.45,11.04,215.83,Slave laser power
860,-22.09971,-3.69684,578.14,8.3,215.37,Slave laser power
877,-22.09971,-3.69684,578.59,10.2,215.78,Slave laser power
322,-22.07099,-3.23367,579.61,10.37,215.28,Slave laser power
670,-22.07099,-3.77038,579.61,9.83,215.28,Slave laser power
513,-22.04226,-4.13813,577.94,12.65,215.05,Slave laser power
575,-22.04226,-2.6572,577.98,10.1,215.59,Slave laser power
15,-22.00875,3.31222,578.45,15.42,215.48,Slave laser power
174,-22.00875,-3.50203,578.21,9.68,215.73,Slave laser power
300,-22.00875,3.5448,579.27,8.91,215.63,Slave laser power
301,-22.00875,3.44541,578.51,8.85,215.83,Slave laser power
593,-22.00875,3.8867,576.38,9.41,215.63,Slave laser power
830,-22.00875,-3.57558,578.87,12.95,215.78,Slave laser power
143,-21.9513,-3.68491,578.95,10.79,214.98,Slave laser power
992,-21.9513,-3.72268,578.84,10.07,215.63,Slave laser power
4,-21.92257,3.73961,578.36,17.48,215.78,Slave laser power
461,-21.92257,-3.79623,578.83,16.15,215.28,Slave laser power
851,-21.89385,3.71575,579.27,11.01,215.59,Slave laser power
695,-21.86512,3.51896,579.04,10.69,215.59,Slave laser power
548,-21.83161,3.16513,578.83,11.62,215.28,Slave laser power
766,-21.77416,3.66606,577.41,11.69,214.82,Slave laser power
775,-21.74543,3.60443,578.16,12.78,215.37,Slave laser power
863,-21.74543,-3.07465,578.24,8.13,215.83,Slave laser power
720,-21.71671,-3.64913,577.98,11.52,215.64,Slave laser power
514,-21.68798,-3.52588,578.16,12.66,215.28,Slave laser power
3,-21.65926,3.59251,579.61,17.56,215.74,Slave laser power
573,-21.65926,-3.36686,578.24,10.1,215.59,Slave laser power
357,-21.62574,-3.62329,578.45,10.64,215.28,Slave laser power
852,-21.62574,3.81316,578.51,10.97,215.83,Slave laser power
878,-21.59702,-3.82008,577.24,10.19,215.64,Slave laser power
2,-21.56829,3.91056,577.59,17.67,215.34,Slave laser power
8,-21.56829,2.9087,577.24,16.85,215.83,Slave laser power
794,-21.56829,-3.56365,578.51,12.5,215.83,Slave laser power
98,-21.53957,-3.86978,578.51,11.74,215.37,Slave laser power
549,-21.51084,3.34801,578.95,11.6,215.37,Slave laser power
993,-21.48212,-3.80815,578.59,10.1,215.83,Slave laser power
99,-21.39116,-3.71075,577.41,11.72,215.78,Slave laser power
591,-21.36243,3.20091,578.51,5.18,215.78,Slave laser power
5,-21.30498,3.66606,576.82,17.31,215.59,Slave laser power
175,-21.21402,-3.59943,578.24,9.59,215.29,Slave laser power
1,-20.9507,3.7893,578.24,17.52,215.76,Slave laser power
560,-20.88846,-3.36686,578.45,10.51,214.93,Slave laser power
595,-20.83101,3.58058,578.45,9.24,215.78,Slave laser power
796,-20.47674,-3.72268,576.38,12.48,215.83,Slave laser power
